{
  "assetsByChunkName": {
    "vendors~app-account~app-checkout~app-confirmation~app-order": "chunk.47df6218d4e0d8a6e7c2.js",
    "vendors~app-account~app-confirmation~app-order": "chunk.6b8ecacc3a7a8a9d3329.js",
    "vendors~app-account~app-checkout": "chunk.1d78af8d3e5656c2991e.js",
    "admin": [
      "admin.22560b0038cc8e673202.js",
      "admin.22560b0038cc8e673202.js.map"
    ],
    "app-account": "chunk.f22948141d4fc4970c2e.js",
    "app-confirmation": "chunk.951cf3ff898e49b97267.js",
    "app-order": "chunk.92b3fa13ace318e7a9d8.js",
    "checkout": [
      "checkout.038a5c654bc95d521d02.js",
      "checkout.038a5c654bc95d521d02.js.map"
    ],
    "storefront": [
      "storefront.dfb50cbbe8ae99c9ce04.css",
      "storefront.6d9c70004459183006c7.js",
      "storefront.dfb50cbbe8ae99c9ce04.css.map",
      "storefront.6d9c70004459183006c7.js.map"
    ],
    "vendors~app-cart": "chunk.9dfdfafe125a2ff40ac2.js",
    "vendors~app-checkout": "chunk.c339343c3be4134ed6a6.js"
  }
}