{
  "meta_title": "",
  "meta_description": "",
  "sections": [
    {
      "type": "banner-slider",
      "autoplay": 9000,
      "full_width": true,
      "slides": [
        {
          "start": "",
          "end": "",
          "img": "/img/uploads/banner-home_3_resized.png"
        },
        {
          "start": "",
          "end": "",
          "img": "/img/uploads/banner-home_2_resized.png"
        },
        {
          "start": "",
          "end": "",
          "img": "/img/uploads/banner-home_1.png"
        }
      ]
    },
    {
      "type": "info-bar",
      "enabled": true
    },
    {
      "type": "collection-shelf",
      "shuffle": true,
      "collection_id": null,
      "sort": "offers",
      "title": "Nossos produtos",
      "headless": false,
      "limit": 8,
      "page": ""
    },
    {
      "type": "page-title",
      "title": "Wulo Card",
      "description": "Wulo Card é um produto que une tecnologia e inovação, oferecendo cartões físicos e virtuais, possibilitando a personalização do cartão físico com layout, nome e logo."
    }
  ]
}